{"misleading_limits": [0.1, 0.01, 0.001], "results": [{"margins": [0.25, 0.2, 0.15, 0.1, 0.05, 0.04, 0.03, 0.02, 0.01], "min_round_sizes": [25, 41, 73, 163, 657, 1027, 1825, 4105, 16423], "prov_sprobs": [0.22175613623295626, 0.17809999213987604, 0.2025729313867394, 0.22293297786274277, 0.22731475584958336, 0.23713637582692484, 0.2467167502275043, 0.246590048478775, 0.24670128631478686], "so_sprobs": [0.15206557687238187, 0.16906301082375694, 0.1860949186964843, 0.18203348647616235, 0.1922024154712417, 0.19369763346467528, 0.19442416618824618, 0.19538800986432456, 0.19657819573840762], "eor_sprobs": [0.11560288298180589, 0.10548560368141657, 0.14176108017132563, 0.10792155595170673, 0.12737016528467862, 0.12442343175559531, 0.12435890482105645, 0.12431282701073608, 0.12442446722387786]}, {"margins": [0.25, 0.2, 0.15, 0.1, 0.05, 0.04, 0.03, 0.02, 0.01], "min_round_sizes": [85, 133, 239, 539, 2163, 3381, 6011, 13527, 54117], "prov_sprobs": [0.792505317250803, 0.826076221465347, 0.8177107871091049, 0.8056044475614799, 0.8179252816348965, 0.8202680269293835, 0.8246820546371558, 0.8246994958033117, 0.8247418820664938], "so_sprobs": [0.7073205988648593, 0.7108174570945089, 0.7127849620648125, 0.7176107737156663, 0.721354582047941, 0.7220025504084622, 0.7230419916890448, 0.7236784164492609, 0.7245882373976379], "eor_sprobs": [0.5592563520799535, 0.5931133637912576, 0.5494304496534058, 0.5675769232234431, 0.5697741313794309, 0.5632666015075664, 0.573399420735888, 0.5701254183578588, 0.5702451444951512]}, {"margins": [0.25, 0.2, 0.15, 0.1, 0.05, 0.04, 0.03, 0.02, 0.01], "min_round_sizes": [149, 235, 421, 951, 3815, 5965, 10607, 23869, 95491], "prov_sprobs": [0.9628611858174133, 0.9632165281137364, 0.9580516379057544, 0.9580690409290965, 0.9609994386284879, 0.9616169054003099, 0.9616210284088541, 0.9626838612419513, 0.9626951213803397], "so_sprobs": [0.8892761663941611, 0.8904300453038152, 0.894084938460797, 0.8946933484362315, 0.896267895274975, 0.8968185768056693, 0.8971178297557606, 0.8974520628352349, 0.8978110554896146], "eor_sprobs": [0.7838436745006978, 0.7686191101869501, 0.8012420003238183, 0.7934242718714497, 0.7853402449184086, 0.7913844823574852, 0.7877454633301111, 0.7877884954001475, 0.7878731310846743]}]}